variable,estimate,t_value,p_value
PHQtot,0.19176958969550978,6.016170897589076,1.2740775038559124e-9
