variable,estimate,t_value,p_value
GADtot,0.2720517649752389,8.70468531240755,6.96788159559749e-18
