variable,estimate,t_value,p_value
PHQtot,0.22826287086919533,7.218701510106385,5.377548217530347e-13
