variable,estimate,t_value,p_value
GADtot,0.45018101070426547,15.498229994515354,9.632236021258472e-49
