variable,estimate,t_value,p_value
GADtot,0.40715437082546707,13.703557373462976,2.0297042572191738e-39
