variable,estimate,t_value,p_value
GADtot,0.15284876802749034,4.762110494173085,1.1074991590942803e-6
