variable,estimate,t_value,p_value
GADtot,0.24270677533872997,7.703173862327808,1.6680426909639398e-14
