variable,estimate,t_value,p_value
PHQtot,0.20402638645927645,6.416868929897299,1.0969516098351729e-10
