variable,estimate,t_value,p_value
GADtot,0.29113845783603176,9.369936111078031,2.5746275167338714e-20
