variable,estimate,t_value,p_value
GADtot,0.5233352841953757,18.87955125779669,5.24337892717252e-68
