variable,estimate,t_value,p_value
GADtot,0.4328314228069473,14.759819859961135,8.053288121298504e-45
