variable,estimate,t_value,p_value
PHQtot,0.613132977739896,23.85913198424919,3.731041463495114e-99
