variable,estimate,t_value,p_value
PHQtot,0.5576640657536478,20.652638986079914,8.462374677343734e-79
