variable,estimate,t_value,p_value
PHQtot,0.22214641595533527,7.015084904452735,2.1844960792115642e-12
