variable,estimate,t_value,p_value
PHQtot,0.5765466253029254,21.69172699491828,2.712975737104469e-85
