variable,estimate,t_value,p_value
GADtot,0.41137348290694853,13.87430731150286,2.8298234646617238e-40
