variable,estimate,t_value,p_value
PHQtot,0.5087681174023704,18.166918586356736,8.655247612063489e-64
