variable,estimate,t_value,p_value
PHQtot,0.5206182373342527,18.74495621408583,3.325750716901477e-67
