variable,estimate,t_value,p_value
PHQtot,0.5659243113280408,21.101150764826084,1.374742877523465e-81
