variable,estimate,t_value,p_value
PHQtot,0.47390610109391,16.54404349402698,1.738597065540476e-54
