Word,phi
depressed weeks,0.5001488924026489
depressive,0.4640263319015503
depression,0.4604034125804901
felt depressed,0.42794176936149597
depressed,0.42426830530166626
depressed past,0.38037872314453125
anxiety,0.2722952961921692
mood,0.21540485322475433
anxious,0.19885855913162231
struggle,0.13314412534236908
