Word,phi
having covid,0.4595044255256653
health covid,0.42724618315696716
depression,0.3708953857421875
severely depressed,0.3386182188987732
mental health overall,0.31807535886764526
mental health,0.31542640924453735
covid,0.3136337995529175
depressed financial,0.3072754740715027
time covid,0.30049777030944824
wellbeing,0.2436412125825882
