Word,phi
depression,0.4900718331336975
low mood lack,0.47071194648742676
strongly depressed,0.45174068212509155
mood lack sleep,0.43610435724258423
strength depression,0.42736130952835083
severe depression years,0.4032447636127472
depression come,0.3928506672382355
low mood days,0.3898382782936096
struggling sleep,0.3776648938655853
edge depression,0.36895960569381714
