Word,phi
yes depressed,0.6859926581382751
yes depressed past,0.6100106239318848
ve depressed just,0.5757938623428345
depressed lately,0.5490977168083191
depressed quite,0.5403995513916016
past weeks depressed,0.5239834785461426
depressed having,0.5192872881889343
depressed years,0.5047153234481812
depressed,0.481988787651062
depressed day,0.43211090564727783
