Word,phi
depressive disorder,0.5762859582901001
symptoms depression,0.5215907096862793
ve clinically depressed,0.5160985589027405
clinically depressed,0.46136629581451416
symptoms anxiety,0.4420647919178009
anxiety disorder,0.4366767108440399
depressive,0.4291679263114929
levels depression,0.4226013422012329
extremely anxious,0.41630271077156067
social anxiety,0.4093994200229645
