Word,phi
don think depressed,0.5301193594932556
weeks felt anxious,0.5082817077636719
worried depressed,0.4781404435634613
depression caused,0.4305487275123596
severely depressed,0.43017101287841797
felt anxious,0.41739535331726074
anxious worried,0.39849868416786194
think depressed weeks,0.39837658405303955
weeks worried,0.39375728368759155
anxious,0.3531055152416229
