Word,phi
weeks depression,0.586342453956604
suffering depression,0.5463413596153259
depression weeks,0.5415552854537964
depressed past week,0.5312199592590332
felt slightly depressed,0.5298649668693542
depression depression,0.5177223682403564
level depression,0.5100528597831726
felt depressed past,0.5077688694000244
depression,0.4983224868774414
feeling depressed,0.4973266124725342
