Word,phi
weeks feeling depressed,0.649818480014801
feeling depressed,0.5686689019203186
weeks felt depressed,0.5531145334243774
depressed badly,0.5175097584724426
depressed week,0.5173084139823914
felt quite depressed,0.5160020589828491
fatigue,0.4769834280014038
quite depressed,0.46693721413612366
symptom,0.39450880885124207
overall mood,0.38045746088027954
