Word,phi
depressed lately,0.552046000957489
mental health depressed,0.5386764407157898
family anxiety,0.516285240650177
depression,0.5129919648170471
ve depressed,0.4965304732322693
depressed don feel,0.4866613745689392
health depressed,0.48006105422973633
depressed,0.46284860372543335
depression caused,0.44899001717567444
mental health,0.44128528237342834
