Word,phi
yes depressed,0.6599288582801819
yes depressed weeks,0.6372726559638977
yes depressed past,0.5327376127243042
depressed past weeks,0.503563404083252
ve depressed,0.48655641078948975
depression feeling,0.47087162733078003
depressed days,0.4532085061073303
depression,0.4520357847213745
weeks depression,0.4512903690338135
depressed,0.43121957778930664
