Word,phi
depressed past weeks,0.561987578868866
depressed weeks,0.5208516120910645
depressed,0.40986329317092896
symptoms,0.35660862922668457
depressed past,0.3441687524318695
feeling numb,0.3216513991355896
feel hopeless,0.2739819884300232
feeling low,0.2599160075187683
weeks feeling,0.23117667436599731
hopelessness,0.22640880942344666
