Word,phi
low anxious,0.5135998725891113
mood fluctuating,0.4940985441207886
low mood days,0.4905427396297455
anxious depressed,0.47253718972206116
low mood,0.42690950632095337
long depressed,0.41076478362083435
symptoms anxiety,0.39490440487861633
weeks symptoms,0.3790895342826843
overall mood,0.3768390715122223
feeling low,0.36601895093917847
