variable,estimate,t_value,p_value
GADtot,0.41725338651905114,14.114065987283224,1.7324535952486747e-41
