variable,estimate,t_value,p_value
PHQtot,0.5659359875096385,21.10179126423552,1.3621433268992258e-81
