variable,estimate,t_value,p_value
GADtot,0.45352425740519436,15.642992558626052,1.5903750585678903e-49
