variable,estimate,t_value,p_value
GADtot,0.45956594832465736,15.906716186578082,5.830051263838693e-51
